-- MySQL Script generated by MySQL Workbench
-- Friday, 29 March, 2019 06:03:03 PM PST
-- Model: New Model    Version: 1.0
-- MySQL Workbench Forward Engineering

SET @OLD_UNIQUE_CHECKS=@@UNIQUE_CHECKS, UNIQUE_CHECKS=0;
SET @OLD_FOREIGN_KEY_CHECKS=@@FOREIGN_KEY_CHECKS, FOREIGN_KEY_CHECKS=0;
SET @OLD_SQL_MODE=@@SQL_MODE, SQL_MODE='TRADITIONAL,ALLOW_INVALID_DATES';

-- -----------------------------------------------------
-- Schema gimg
-- -----------------------------------------------------

-- -----------------------------------------------------
-- Schema gimg
-- -----------------------------------------------------
CREATE SCHEMA IF NOT EXISTS `gimg` DEFAULT CHARACTER SET utf8 ;
USE `gimg` ;

-- -----------------------------------------------------
-- Table `gimg`.`roles`
-- -----------------------------------------------------
CREATE TABLE IF NOT EXISTS `gimg`.`roles` (
  `roles_id` INT UNSIGNED NOT NULL AUTO_INCREMENT,
  `roles_name` VARCHAR(45) NULL,
  PRIMARY KEY (`roles_id`))
ENGINE = InnoDB
AUTO_INCREMENT = 2000000001;


-- -----------------------------------------------------
-- Table `gimg`.`user`
-- -----------------------------------------------------
CREATE TABLE IF NOT EXISTS `gimg`.`user` (
  `user_id` INT UNSIGNED NOT NULL AUTO_INCREMENT,
  `user_firstname` VARCHAR(45) NULL,
  `user_lastname` VARCHAR(45) NULL,
  `user_email` VARCHAR(45) NULL,
  `user_dateCreated` TIMESTAMP NULL DEFAULT CURRENT_TIMESTAMP,
  `user_password` VARCHAR(255) NULL,
  `user_roleID` INT UNSIGNED NULL,
  `user_sessionID` VARCHAR(255) NULL,
  PRIMARY KEY (`user_id`),
  INDEX `user_roleID_idx` (`user_roleID` ASC),
  CONSTRAINT `user_roleID`
    FOREIGN KEY (`user_roleID`)
    REFERENCES `gimg`.`roles` (`roles_id`)
    ON DELETE NO ACTION
    ON UPDATE NO ACTION)
ENGINE = InnoDB
AUTO_INCREMENT = 2000000001;


-- -----------------------------------------------------
-- Table `gimg`.`permissions`
-- -----------------------------------------------------
CREATE TABLE IF NOT EXISTS `gimg`.`permissions` (
  `permissions_id` INT UNSIGNED NOT NULL AUTO_INCREMENT,
  `permissions_name` VARCHAR(255) NULL,
  `permissions_module` VARCHAR(45) NULL,
  PRIMARY KEY (`permissions_id`))
ENGINE = InnoDB
AUTO_INCREMENT = 2000000001;


-- -----------------------------------------------------
-- Table `gimg`.`roles_permission`
-- -----------------------------------------------------
CREATE TABLE IF NOT EXISTS `gimg`.`roles_permission` (
  `rp_id` INT UNSIGNED NOT NULL AUTO_INCREMENT,
  `rp_rolesID` INT UNSIGNED NULL,
  `rp_permissionsID` INT UNSIGNED NULL,
  PRIMARY KEY (`rp_id`),
  INDEX `rp_rolesID_idx` (`rp_rolesID` ASC),
  INDEX `rp_permissionsID_idx` (`rp_permissionsID` ASC),
  CONSTRAINT `rp_rolesID`
    FOREIGN KEY (`rp_rolesID`)
    REFERENCES `gimg`.`roles` (`roles_id`)
    ON DELETE NO ACTION
    ON UPDATE NO ACTION,
  CONSTRAINT `rp_permissionsID`
    FOREIGN KEY (`rp_permissionsID`)
    REFERENCES `gimg`.`permissions` (`permissions_id`)
    ON DELETE NO ACTION
    ON UPDATE NO ACTION)
ENGINE = InnoDB
AUTO_INCREMENT = 2000000001;


-- -----------------------------------------------------
-- Table `gimg`.`provider`
-- -----------------------------------------------------
CREATE TABLE IF NOT EXISTS `gimg`.`provider` (
  `provider_id` INT UNSIGNED NOT NULL AUTO_INCREMENT,
  `provider_firstname` VARCHAR(45) NULL,
  `provider_lastname` VARCHAR(45) NULL,
  `provider_contactNum` VARCHAR(45) NULL,
  `provider_email` VARCHAR(45) NULL,
  `provider_address` VARCHAR(255) NULL,
  `provider_dateOfBirth` DATE NULL,
  `provider_languages` VARCHAR(255) NULL,
  `provider_areas` VARCHAR(255) NULL,
  `provider_npi` VARCHAR(45) NULL,
  `provider_dea` VARCHAR(45) NULL,
  `provider_license` VARCHAR(45) NULL,
  `provider_dateCreated` TIMESTAMP NULL DEFAULT CURRENT_TIMESTAMP,
  `provider_rate_initialVisit` VARCHAR(10) NULL,
  `provider_rate_followUpVisit` VARCHAR(10) NULL,
  `provider_rate_aw` VARCHAR(10) NULL,
  `provider_rate_acp` VARCHAR(10) NULL,
  `provider_rate_noShowPT` VARCHAR(10) NULL,
  `provider_rate_mileage` VARCHAR(10) NULL,
  `provider_gender` VARCHAR(10) NULL,
  `provider_rate_initialVisitOffice` VARCHAR(10) NULL,
  `provider_rate_followUpVisitOffice` VARCHAR(10) NULL,
  `provider_supervising_MD` TINYINT(1) NULL,
  PRIMARY KEY (`provider_id`))
ENGINE = InnoDB;


-- -----------------------------------------------------
-- Table `gimg`.`home_health_care`
-- -----------------------------------------------------
CREATE TABLE IF NOT EXISTS `gimg`.`home_health_care` (
  `hhc_id` INT UNSIGNED NOT NULL AUTO_INCREMENT,
  `hhc_name` VARCHAR(45) NULL,
  `hhc_contact_name` VARCHAR(45) NULL,
  `hhc_phoneNumber` VARCHAR(45) NULL,
  `hhc_faxNumber` VARCHAR(45) NULL,
  `hhc_email` VARCHAR(45) NULL,
  `hhc_address` VARCHAR(255) NULL,
  `hhc_dateCreated` TIMESTAMP NULL DEFAULT CURRENT_TIMESTAMP,
  PRIMARY KEY (`hhc_id`))
ENGINE = InnoDB;


-- -----------------------------------------------------
-- Table `gimg`.`place_of_service`
-- -----------------------------------------------------
CREATE TABLE IF NOT EXISTS `gimg`.`place_of_service` (
  `pos_id` INT UNSIGNED NOT NULL AUTO_INCREMENT,
  `pos_code` VARCHAR(45) NULL,
  `pos_name` VARCHAR(45) NULL,
  PRIMARY KEY (`pos_id`))
ENGINE = InnoDB
AUTO_INCREMENT = 2000000001;


-- -----------------------------------------------------
-- Table `gimg`.`patient`
-- -----------------------------------------------------
CREATE TABLE IF NOT EXISTS `gimg`.`patient` (
  `patient_id` INT UNSIGNED NOT NULL AUTO_INCREMENT,
  `patient_name` VARCHAR(90) NULL,
  `patient_gender` VARCHAR(10) NULL,
  `patient_medicareNum` VARCHAR(45) NULL,
  `patient_dateOfBirth` DATE NULL,
  `patient_phoneNum` VARCHAR(45) NULL,
  `patient_address` VARCHAR(255) NULL,
  `patient_hhcID` INT UNSIGNED NULL,
  `patient_dateCreated` TIMESTAMP NULL DEFAULT CURRENT_TIMESTAMP,
  `patient_caregiver_family` VARCHAR(45) NULL,
  `patient_placeOfService` INT UNSIGNED NULL,
  `patient_supervising_mdID` INT UNSIGNED NULL,
  PRIMARY KEY (`patient_id`),
  INDEX `patient_hhcID_idx` (`patient_hhcID` ASC),
  INDEX `patient_placeOfService_idx` (`patient_placeOfService` ASC),
  CONSTRAINT `patient_hhcID`
    FOREIGN KEY (`patient_hhcID`)
    REFERENCES `gimg`.`home_health_care` (`hhc_id`)
    ON DELETE NO ACTION
    ON UPDATE NO ACTION,
  CONSTRAINT `patient_placeOfService`
    FOREIGN KEY (`patient_placeOfService`)
    REFERENCES `gimg`.`place_of_service` (`pos_id`)
    ON DELETE NO ACTION
    ON UPDATE NO ACTION)
ENGINE = InnoDB
AUTO_INCREMENT = 2000000001;


-- -----------------------------------------------------
-- Table `gimg`.`type_of_visits`
-- -----------------------------------------------------
CREATE TABLE IF NOT EXISTS `gimg`.`type_of_visits` (
  `tov_id` INT UNSIGNED NOT NULL AUTO_INCREMENT,
  `tov_name` VARCHAR(45) NULL,
  PRIMARY KEY (`tov_id`))
ENGINE = InnoDB
AUTO_INCREMENT = 2000000001;


-- -----------------------------------------------------
-- Table `gimg`.`patient_transactions`
-- -----------------------------------------------------
CREATE TABLE IF NOT EXISTS `gimg`.`patient_transactions` (
  `pt_id` INT UNSIGNED NOT NULL AUTO_INCREMENT,
  `pt_tovID` INT UNSIGNED NULL,
  `pt_patientID` INT UNSIGNED NULL,
  `pt_providerID` INT UNSIGNED NULL,
  `pt_dateOfService` DATE NULL,
  `pt_deductible` VARCHAR(10) NULL,
  `pt_service_billed` DATE NULL,
  `pt_aw_ippe_date` DATE NULL,
  `pt_aw_ippe_code` VARCHAR(10) NULL,
  `pt_performed` TINYINT(1) NULL,
  `pt_acp` TINYINT(1) NULL,
  `pt_diabetes` TINYINT(1) NULL,
  `pt_tobacco` TINYINT(1) NULL,
  `pt_tcm` TINYINT(1) NULL,
  `pt_others` VARCHAR(45) NULL,
  `pt_icd10_codes` VARCHAR(255) NULL,
  `pt_visitBilled` DATE NULL,
  `pt_dateRef` DATE NULL,
  `pt_dateRefEmailed` DATE NULL,
  `pt_notes` VARCHAR(255) NULL,
  `pt_dateCreated` TIMESTAMP NULL DEFAULT CURRENT_TIMESTAMP,
  `pt_mileage` VARCHAR(45) NULL,
  `pt_aw_billed` DATE NULL,
  PRIMARY KEY (`pt_id`),
  INDEX `pt_patientID_idx` (`pt_patientID` ASC),
  INDEX `pt_providerID_idx` (`pt_providerID` ASC),
  INDEX `pt_tovID_idx` (`pt_tovID` ASC),
  CONSTRAINT `pt_patientID`
    FOREIGN KEY (`pt_patientID`)
    REFERENCES `gimg`.`patient` (`patient_id`)
    ON DELETE NO ACTION
    ON UPDATE NO ACTION,
  CONSTRAINT `pt_providerID`
    FOREIGN KEY (`pt_providerID`)
    REFERENCES `gimg`.`provider` (`provider_id`)
    ON DELETE SET NULL
    ON UPDATE SET NULL,
  CONSTRAINT `pt_tovID`
    FOREIGN KEY (`pt_tovID`)
    REFERENCES `gimg`.`type_of_visits` (`tov_id`)
    ON DELETE NO ACTION
    ON UPDATE NO ACTION)
ENGINE = InnoDB
AUTO_INCREMENT = 2000000001;


-- -----------------------------------------------------
-- Table `gimg`.`patient_CPO`
-- -----------------------------------------------------
CREATE TABLE IF NOT EXISTS `gimg`.`patient_CPO` (
  `ptcpo_id` INT UNSIGNED NOT NULL AUTO_INCREMENT,
  `ptcpo_patientID` INT UNSIGNED NULL,
  `ptcpo_period` VARCHAR(45) NULL,
  `ptcpo_dateSigned` DATE NULL,
  `ptcpo_firstMonthCPO` VARCHAR(45) NULL,
  `ptcpo_secondMonthCPO` VARCHAR(45) NULL,
  `ptcpo_thirdMonthCPO` VARCHAR(45) NULL,
  `ptcpo_dischargeDate` DATE NULL,
  `ptcpo_dateBilled` DATE NULL,
  `ptcpo_status` VARCHAR(30) NULL,
  `ptcpo_dateCreated` TIMESTAMP NULL DEFAULT CURRENT_TIMESTAMP,
  PRIMARY KEY (`ptcpo_id`),
  INDEX `ptcpo_patientID_idx` (`ptcpo_patientID` ASC),
  CONSTRAINT `ptcpo_patientID`
    FOREIGN KEY (`ptcpo_patientID`)
    REFERENCES `gimg`.`patient` (`patient_id`)
    ON DELETE NO ACTION
    ON UPDATE NO ACTION)
ENGINE = InnoDB
AUTO_INCREMENT = 2000000001;


-- -----------------------------------------------------
-- Table `gimg`.`patient_communication_notes`
-- -----------------------------------------------------
CREATE TABLE IF NOT EXISTS `gimg`.`patient_communication_notes` (
  `ptcn_id` INT UNSIGNED NOT NULL AUTO_INCREMENT,
  `ptcn_patientID` INT UNSIGNED NULL,
  `ptcn_message` LONGTEXT NULL,
  `ptcn_dateCreated` TIMESTAMP NULL DEFAULT CURRENT_TIMESTAMP,
  PRIMARY KEY (`ptcn_id`),
  INDEX `ptcn_patientID_idx` (`ptcn_patientID` ASC),
  CONSTRAINT `ptcn_patientID`
    FOREIGN KEY (`ptcn_patientID`)
    REFERENCES `gimg`.`patient` (`patient_id`)
    ON DELETE NO ACTION
    ON UPDATE NO ACTION)
ENGINE = InnoDB
AUTO_INCREMENT = 2000000001;


-- -----------------------------------------------------
-- Table `gimg`.`provider_route_sheet`
-- -----------------------------------------------------
CREATE TABLE IF NOT EXISTS `gimg`.`provider_route_sheet` (
  `prs_id` INT UNSIGNED NOT NULL AUTO_INCREMENT,
  `prs_providerID` INT UNSIGNED NULL,
  `prs_dateOfService` DATE NULL,
  `prs_dateCreated` TIMESTAMP NULL DEFAULT CURRENT_TIMESTAMP,
  PRIMARY KEY (`prs_id`),
  INDEX `prs_providerID_idx` (`prs_providerID` ASC),
  CONSTRAINT `prs_providerID`
    FOREIGN KEY (`prs_providerID`)
    REFERENCES `gimg`.`provider` (`provider_id`)
    ON DELETE NO ACTION
    ON UPDATE NO ACTION)
ENGINE = InnoDB
AUTO_INCREMENT = 2000000000;


-- -----------------------------------------------------
-- Table `gimg`.`provider_route_sheet_list`
-- -----------------------------------------------------
CREATE TABLE IF NOT EXISTS `gimg`.`provider_route_sheet_list` (
  `prsl_id` INT UNSIGNED NOT NULL AUTO_INCREMENT,
  `prsl_prsID` INT UNSIGNED NULL,
  `prsl_fromTime` TIME NULL,
  `prsl_toTime` TIME NULL,
  `prsl_tovID` INT UNSIGNED NULL,
  `prsl_hhcID` INT UNSIGNED NULL,
  `prsl_patientID` INT UNSIGNED NULL,
  `prsl_notes` VARCHAR(255) NULL,
  `prsl_patientTransID` INT UNSIGNED NULL,
  `prsl_dateRef` DATE NULL,
  PRIMARY KEY (`prsl_id`),
  INDEX `prsl_prsID_idx` (`prsl_prsID` ASC),
  INDEX `prsl_tovID_idx` (`prsl_tovID` ASC),
  INDEX `prsl_hhcID_idx` (`prsl_hhcID` ASC),
  INDEX `prsl_patientID_idx` (`prsl_patientID` ASC),
  CONSTRAINT `prsl_prsID`
    FOREIGN KEY (`prsl_prsID`)
    REFERENCES `gimg`.`provider_route_sheet` (`prs_id`)
    ON DELETE NO ACTION
    ON UPDATE NO ACTION,
  CONSTRAINT `prsl_tovID`
    FOREIGN KEY (`prsl_tovID`)
    REFERENCES `gimg`.`type_of_visits` (`tov_id`)
    ON DELETE NO ACTION
    ON UPDATE NO ACTION,
  CONSTRAINT `prsl_hhcID`
    FOREIGN KEY (`prsl_hhcID`)
    REFERENCES `gimg`.`home_health_care` (`hhc_id`)
    ON DELETE NO ACTION
    ON UPDATE NO ACTION,
  CONSTRAINT `prsl_patientID`
    FOREIGN KEY (`prsl_patientID`)
    REFERENCES `gimg`.`patient` (`patient_id`)
    ON DELETE NO ACTION
    ON UPDATE NO ACTION)
ENGINE = InnoDB
AUTO_INCREMENT = 2000000000;


SET SQL_MODE=@OLD_SQL_MODE;
SET FOREIGN_KEY_CHECKS=@OLD_FOREIGN_KEY_CHECKS;
SET UNIQUE_CHECKS=@OLD_UNIQUE_CHECKS;

-- -----------------------------------------------------
-- Data for table `gimg`.`roles`
-- -----------------------------------------------------
START TRANSACTION;
USE `gimg`;
INSERT INTO `gimg`.`roles` (`roles_id`, `roles_name`) VALUES (2000000001, 'Super Administrator');
INSERT INTO `gimg`.`roles` (`roles_id`, `roles_name`) VALUES (2000000002, 'Administrator');
INSERT INTO `gimg`.`roles` (`roles_id`, `roles_name`) VALUES (2000000003, 'Normal');

COMMIT;


-- -----------------------------------------------------
-- Data for table `gimg`.`user`
-- -----------------------------------------------------
START TRANSACTION;
USE `gimg`;
INSERT INTO `gimg`.`user` (`user_id`, `user_firstname`, `user_lastname`, `user_email`, `user_dateCreated`, `user_password`, `user_roleID`, `user_sessionID`) VALUES (2000000001, 'Nikkolai', 'Fernandez', 'nikkolaifernandez14@gmail.com', '2018/11/25', '$2y$10$NRfEbjlqjRpXiSZaw.DzW.d5.Zw2I5q8HOODaKPvsfAM3HFmgrOrW', 2000000001, NULL);
INSERT INTO `gimg`.`user` (`user_id`, `user_firstname`, `user_lastname`, `user_email`, `user_dateCreated`, `user_password`, `user_roleID`, `user_sessionID`) VALUES (2000000002, 'Jayson', 'Arcayna', 'jayson.arcayna@gmail.com', '2018/11/25', '$2y$10$CVTPVGMFB4QcC4OXyQcYMOsDdxjRQ57E0/nGNrn3P3QVdLS3b0zZq', 2000000001, NULL);

COMMIT;


-- -----------------------------------------------------
-- Data for table `gimg`.`permissions`
-- -----------------------------------------------------
START TRANSACTION;
USE `gimg`;
INSERT INTO `gimg`.`permissions` (`permissions_id`, `permissions_name`, `permissions_module`) VALUES (2000000001, 'add_user', 'UM');
INSERT INTO `gimg`.`permissions` (`permissions_id`, `permissions_name`, `permissions_module`) VALUES (2000000002, 'edit_user', 'UM');
INSERT INTO `gimg`.`permissions` (`permissions_id`, `permissions_name`, `permissions_module`) VALUES (2000000003, 'view_user', 'UM');
INSERT INTO `gimg`.`permissions` (`permissions_id`, `permissions_name`, `permissions_module`) VALUES (2000000004, 'search_user', 'UM');
INSERT INTO `gimg`.`permissions` (`permissions_id`, `permissions_name`, `permissions_module`) VALUES (2000000005, 'list_user', 'UM');
INSERT INTO `gimg`.`permissions` (`permissions_id`, `permissions_name`, `permissions_module`) VALUES (2000000006, 'add_provider', 'PPM');
INSERT INTO `gimg`.`permissions` (`permissions_id`, `permissions_name`, `permissions_module`) VALUES (2000000007, 'edit_provider', 'PPM');
INSERT INTO `gimg`.`permissions` (`permissions_id`, `permissions_name`, `permissions_module`) VALUES (2000000008, 'view_provider', 'PPM');
INSERT INTO `gimg`.`permissions` (`permissions_id`, `permissions_name`, `permissions_module`) VALUES (2000000009, 'search_provider', 'PPM');
INSERT INTO `gimg`.`permissions` (`permissions_id`, `permissions_name`, `permissions_module`) VALUES (2000000010, 'list_provider', 'PPM');
INSERT INTO `gimg`.`permissions` (`permissions_id`, `permissions_name`, `permissions_module`) VALUES (2000000011, 'add_hhc', 'HHCPM');
INSERT INTO `gimg`.`permissions` (`permissions_id`, `permissions_name`, `permissions_module`) VALUES (2000000012, 'edit_hhc', 'HHCPM');
INSERT INTO `gimg`.`permissions` (`permissions_id`, `permissions_name`, `permissions_module`) VALUES (2000000013, 'view_hhc', 'HHCPM');
INSERT INTO `gimg`.`permissions` (`permissions_id`, `permissions_name`, `permissions_module`) VALUES (2000000014, 'search_hhc', 'HHCPM');
INSERT INTO `gimg`.`permissions` (`permissions_id`, `permissions_name`, `permissions_module`) VALUES (2000000015, 'list_hhc', 'HHCPM');
INSERT INTO `gimg`.`permissions` (`permissions_id`, `permissions_name`, `permissions_module`) VALUES (2000000016, 'add_pt', 'PTPM');
INSERT INTO `gimg`.`permissions` (`permissions_id`, `permissions_name`, `permissions_module`) VALUES (2000000017, 'edit_pt', 'PTPM');
INSERT INTO `gimg`.`permissions` (`permissions_id`, `permissions_name`, `permissions_module`) VALUES (2000000018, 'view_pt', 'PTPM');
INSERT INTO `gimg`.`permissions` (`permissions_id`, `permissions_name`, `permissions_module`) VALUES (2000000019, 'search_pt', 'PTPM');
INSERT INTO `gimg`.`permissions` (`permissions_id`, `permissions_name`, `permissions_module`) VALUES (2000000020, 'list_pt', 'PTPM');
INSERT INTO `gimg`.`permissions` (`permissions_id`, `permissions_name`, `permissions_module`) VALUES (2000000021, 'add_tr', 'PTPM');
INSERT INTO `gimg`.`permissions` (`permissions_id`, `permissions_name`, `permissions_module`) VALUES (2000000022, 'edit_tr', 'PTPM');
INSERT INTO `gimg`.`permissions` (`permissions_id`, `permissions_name`, `permissions_module`) VALUES (2000000023, 'view_tr', 'PTPM');
INSERT INTO `gimg`.`permissions` (`permissions_id`, `permissions_name`, `permissions_module`) VALUES (2000000024, 'list_tr', 'PTPM');
INSERT INTO `gimg`.`permissions` (`permissions_id`, `permissions_name`, `permissions_module`) VALUES (2000000025, 'add_cn', 'PTPM');
INSERT INTO `gimg`.`permissions` (`permissions_id`, `permissions_name`, `permissions_module`) VALUES (2000000026, 'edit_cn', 'PTPM');
INSERT INTO `gimg`.`permissions` (`permissions_id`, `permissions_name`, `permissions_module`) VALUES (2000000027, 'list_cn', 'PTPM');
INSERT INTO `gimg`.`permissions` (`permissions_id`, `permissions_name`, `permissions_module`) VALUES (2000000028, 'view_cn', 'PTPM');
INSERT INTO `gimg`.`permissions` (`permissions_id`, `permissions_name`, `permissions_module`) VALUES (2000000029, 'add_cpo', 'PTPM');
INSERT INTO `gimg`.`permissions` (`permissions_id`, `permissions_name`, `permissions_module`) VALUES (2000000030, 'edit_cpo', 'PTPM');
INSERT INTO `gimg`.`permissions` (`permissions_id`, `permissions_name`, `permissions_module`) VALUES (2000000031, 'view_cpo', 'PTPM');
INSERT INTO `gimg`.`permissions` (`permissions_id`, `permissions_name`, `permissions_module`) VALUES (2000000032, 'add_prs', 'PRSM');
INSERT INTO `gimg`.`permissions` (`permissions_id`, `permissions_name`, `permissions_module`) VALUES (2000000033, 'edit_prs', 'PRSM');
INSERT INTO `gimg`.`permissions` (`permissions_id`, `permissions_name`, `permissions_module`) VALUES (2000000034, 'view_prs', 'PRSM');
INSERT INTO `gimg`.`permissions` (`permissions_id`, `permissions_name`, `permissions_module`) VALUES (2000000035, 'list_prs', 'PRSM');
INSERT INTO `gimg`.`permissions` (`permissions_id`, `permissions_name`, `permissions_module`) VALUES (2000000036, 'search_prs', 'PRSM');
INSERT INTO `gimg`.`permissions` (`permissions_id`, `permissions_name`, `permissions_module`) VALUES (2000000037, 'download_prs', 'PRSM');
INSERT INTO `gimg`.`permissions` (`permissions_id`, `permissions_name`, `permissions_module`) VALUES (2000000038, 'print_prs', 'PRSM');
INSERT INTO `gimg`.`permissions` (`permissions_id`, `permissions_name`, `permissions_module`) VALUES (2000000039, 'generate_pr', 'PRG');
INSERT INTO `gimg`.`permissions` (`permissions_id`, `permissions_name`, `permissions_module`) VALUES (2000000040, 'save_pr', 'PRG');
INSERT INTO `gimg`.`permissions` (`permissions_id`, `permissions_name`, `permissions_module`) VALUES (2000000041, 'print_pr', 'PRG');
INSERT INTO `gimg`.`permissions` (`permissions_id`, `permissions_name`, `permissions_module`) VALUES (2000000042, 'send_pr', 'PRG');
INSERT INTO `gimg`.`permissions` (`permissions_id`, `permissions_name`, `permissions_module`) VALUES (2000000043, 'paid_batch_pr', 'PRG');
INSERT INTO `gimg`.`permissions` (`permissions_id`, `permissions_name`, `permissions_module`) VALUES (2000000044, 'generate_sbawr', 'SBAWRG');
INSERT INTO `gimg`.`permissions` (`permissions_id`, `permissions_name`, `permissions_module`) VALUES (2000000045, 'save_sbawr', 'SBAWRG');
INSERT INTO `gimg`.`permissions` (`permissions_id`, `permissions_name`, `permissions_module`) VALUES (2000000046, 'print_sbawr', 'SBAWRG');
INSERT INTO `gimg`.`permissions` (`permissions_id`, `permissions_name`, `permissions_module`) VALUES (2000000047, 'generate_sbhvr', 'SBHVRG');
INSERT INTO `gimg`.`permissions` (`permissions_id`, `permissions_name`, `permissions_module`) VALUES (2000000048, 'save_sbhvr', 'SBHVRG');
INSERT INTO `gimg`.`permissions` (`permissions_id`, `permissions_name`, `permissions_module`) VALUES (2000000049, 'print_sbhvr', 'SBHVRG');
INSERT INTO `gimg`.`permissions` (`permissions_id`, `permissions_name`, `permissions_module`) VALUES (2000000050, 'generate_sbfvr', 'SBFVRG');
INSERT INTO `gimg`.`permissions` (`permissions_id`, `permissions_name`, `permissions_module`) VALUES (2000000051, 'save_sbfvr', 'SBFVRG');
INSERT INTO `gimg`.`permissions` (`permissions_id`, `permissions_name`, `permissions_module`) VALUES (2000000052, 'print_sbfvr', 'SBFVRG');
INSERT INTO `gimg`.`permissions` (`permissions_id`, `permissions_name`, `permissions_module`) VALUES (2000000053, 'generate_sbcpor', 'SBCPORG');
INSERT INTO `gimg`.`permissions` (`permissions_id`, `permissions_name`, `permissions_module`) VALUES (2000000054, 'save__sbcpor', 'SBCPORG');
INSERT INTO `gimg`.`permissions` (`permissions_id`, `permissions_name`, `permissions_module`) VALUES (2000000055, 'print__sbcpor', 'SBCPORG');
INSERT INTO `gimg`.`permissions` (`permissions_id`, `permissions_name`, `permissions_module`) VALUES (2000000056, 'delete_user', 'UM');
INSERT INTO `gimg`.`permissions` (`permissions_id`, `permissions_name`, `permissions_module`) VALUES (2000000057, 'email_prs', 'PRSM');
INSERT INTO `gimg`.`permissions` (`permissions_id`, `permissions_name`, `permissions_module`) VALUES (2000000058, 'print_pt', 'PTPM');
INSERT INTO `gimg`.`permissions` (`permissions_id`, `permissions_name`, `permissions_module`) VALUES (2000000059, 'downoad_pt', 'PTPM');
INSERT INTO `gimg`.`permissions` (`permissions_id`, `permissions_name`, `permissions_module`) VALUES (2000000060, 'delete_cn', 'PTPM');
INSERT INTO `gimg`.`permissions` (`permissions_id`, `permissions_name`, `permissions_module`) VALUES (2000000061, 'edit_account', 'AM');
INSERT INTO `gimg`.`permissions` (`permissions_id`, `permissions_name`, `permissions_module`) VALUES (2000000062, 'headcount_pt', 'PTPM');
INSERT INTO `gimg`.`permissions` (`permissions_id`, `permissions_name`, `permissions_module`) VALUES (2000000063, 'delete_tr', 'PTPM');
INSERT INTO `gimg`.`permissions` (`permissions_id`, `permissions_name`, `permissions_module`) VALUES (2000000064, 'delete_prs', 'PRSM');
INSERT INTO `gimg`.`permissions` (`permissions_id`, `permissions_name`, `permissions_module`) VALUES (2000000065, 'delete_cpo', 'PTPM');
INSERT INTO `gimg`.`permissions` (`permissions_id`, `permissions_name`, `permissions_module`) VALUES (2000000066, 'mark_service_paid', 'PTPM');

COMMIT;


-- -----------------------------------------------------
-- Data for table `gimg`.`roles_permission`
-- -----------------------------------------------------
START TRANSACTION;
USE `gimg`;
INSERT INTO `gimg`.`roles_permission` (`rp_id`, `rp_rolesID`, `rp_permissionsID`) VALUES (2000000001, 2000000001, 2000000001);
INSERT INTO `gimg`.`roles_permission` (`rp_id`, `rp_rolesID`, `rp_permissionsID`) VALUES (2000000002, 2000000001, 2000000002);
INSERT INTO `gimg`.`roles_permission` (`rp_id`, `rp_rolesID`, `rp_permissionsID`) VALUES (2000000003, 2000000001, 2000000003);
INSERT INTO `gimg`.`roles_permission` (`rp_id`, `rp_rolesID`, `rp_permissionsID`) VALUES (2000000004, 2000000001, 2000000004);
INSERT INTO `gimg`.`roles_permission` (`rp_id`, `rp_rolesID`, `rp_permissionsID`) VALUES (2000000005, 2000000001, 2000000005);
INSERT INTO `gimg`.`roles_permission` (`rp_id`, `rp_rolesID`, `rp_permissionsID`) VALUES (2000000006, 2000000001, 2000000006);
INSERT INTO `gimg`.`roles_permission` (`rp_id`, `rp_rolesID`, `rp_permissionsID`) VALUES (2000000007, 2000000001, 2000000007);
INSERT INTO `gimg`.`roles_permission` (`rp_id`, `rp_rolesID`, `rp_permissionsID`) VALUES (2000000008, 2000000001, 2000000008);
INSERT INTO `gimg`.`roles_permission` (`rp_id`, `rp_rolesID`, `rp_permissionsID`) VALUES (2000000009, 2000000001, 2000000009);
INSERT INTO `gimg`.`roles_permission` (`rp_id`, `rp_rolesID`, `rp_permissionsID`) VALUES (2000000010, 2000000001, 2000000010);
INSERT INTO `gimg`.`roles_permission` (`rp_id`, `rp_rolesID`, `rp_permissionsID`) VALUES (2000000011, 2000000001, 2000000011);
INSERT INTO `gimg`.`roles_permission` (`rp_id`, `rp_rolesID`, `rp_permissionsID`) VALUES (2000000012, 2000000001, 2000000012);
INSERT INTO `gimg`.`roles_permission` (`rp_id`, `rp_rolesID`, `rp_permissionsID`) VALUES (2000000013, 2000000001, 2000000013);
INSERT INTO `gimg`.`roles_permission` (`rp_id`, `rp_rolesID`, `rp_permissionsID`) VALUES (2000000014, 2000000001, 2000000014);
INSERT INTO `gimg`.`roles_permission` (`rp_id`, `rp_rolesID`, `rp_permissionsID`) VALUES (2000000015, 2000000001, 2000000015);
INSERT INTO `gimg`.`roles_permission` (`rp_id`, `rp_rolesID`, `rp_permissionsID`) VALUES (2000000016, 2000000001, 2000000016);
INSERT INTO `gimg`.`roles_permission` (`rp_id`, `rp_rolesID`, `rp_permissionsID`) VALUES (2000000017, 2000000001, 2000000017);
INSERT INTO `gimg`.`roles_permission` (`rp_id`, `rp_rolesID`, `rp_permissionsID`) VALUES (2000000018, 2000000001, 2000000018);
INSERT INTO `gimg`.`roles_permission` (`rp_id`, `rp_rolesID`, `rp_permissionsID`) VALUES (2000000019, 2000000001, 2000000019);
INSERT INTO `gimg`.`roles_permission` (`rp_id`, `rp_rolesID`, `rp_permissionsID`) VALUES (2000000020, 2000000001, 2000000020);
INSERT INTO `gimg`.`roles_permission` (`rp_id`, `rp_rolesID`, `rp_permissionsID`) VALUES (2000000021, 2000000001, 2000000021);
INSERT INTO `gimg`.`roles_permission` (`rp_id`, `rp_rolesID`, `rp_permissionsID`) VALUES (2000000022, 2000000001, 2000000022);
INSERT INTO `gimg`.`roles_permission` (`rp_id`, `rp_rolesID`, `rp_permissionsID`) VALUES (2000000023, 2000000001, 2000000023);
INSERT INTO `gimg`.`roles_permission` (`rp_id`, `rp_rolesID`, `rp_permissionsID`) VALUES (2000000024, 2000000001, 2000000024);
INSERT INTO `gimg`.`roles_permission` (`rp_id`, `rp_rolesID`, `rp_permissionsID`) VALUES (2000000025, 2000000001, 2000000025);
INSERT INTO `gimg`.`roles_permission` (`rp_id`, `rp_rolesID`, `rp_permissionsID`) VALUES (2000000026, 2000000001, 2000000026);
INSERT INTO `gimg`.`roles_permission` (`rp_id`, `rp_rolesID`, `rp_permissionsID`) VALUES (2000000027, 2000000001, 2000000027);
INSERT INTO `gimg`.`roles_permission` (`rp_id`, `rp_rolesID`, `rp_permissionsID`) VALUES (2000000028, 2000000001, 2000000028);
INSERT INTO `gimg`.`roles_permission` (`rp_id`, `rp_rolesID`, `rp_permissionsID`) VALUES (2000000029, 2000000001, 2000000029);
INSERT INTO `gimg`.`roles_permission` (`rp_id`, `rp_rolesID`, `rp_permissionsID`) VALUES (2000000030, 2000000001, 2000000030);
INSERT INTO `gimg`.`roles_permission` (`rp_id`, `rp_rolesID`, `rp_permissionsID`) VALUES (2000000031, 2000000001, 2000000031);
INSERT INTO `gimg`.`roles_permission` (`rp_id`, `rp_rolesID`, `rp_permissionsID`) VALUES (2000000032, 2000000001, 2000000032);
INSERT INTO `gimg`.`roles_permission` (`rp_id`, `rp_rolesID`, `rp_permissionsID`) VALUES (2000000033, 2000000001, 2000000033);
INSERT INTO `gimg`.`roles_permission` (`rp_id`, `rp_rolesID`, `rp_permissionsID`) VALUES (2000000034, 2000000001, 2000000034);
INSERT INTO `gimg`.`roles_permission` (`rp_id`, `rp_rolesID`, `rp_permissionsID`) VALUES (2000000035, 2000000001, 2000000035);
INSERT INTO `gimg`.`roles_permission` (`rp_id`, `rp_rolesID`, `rp_permissionsID`) VALUES (2000000036, 2000000001, 2000000036);
INSERT INTO `gimg`.`roles_permission` (`rp_id`, `rp_rolesID`, `rp_permissionsID`) VALUES (2000000037, 2000000001, 2000000037);
INSERT INTO `gimg`.`roles_permission` (`rp_id`, `rp_rolesID`, `rp_permissionsID`) VALUES (2000000038, 2000000001, 2000000038);
INSERT INTO `gimg`.`roles_permission` (`rp_id`, `rp_rolesID`, `rp_permissionsID`) VALUES (2000000039, 2000000001, 2000000039);
INSERT INTO `gimg`.`roles_permission` (`rp_id`, `rp_rolesID`, `rp_permissionsID`) VALUES (2000000040, 2000000001, 2000000040);
INSERT INTO `gimg`.`roles_permission` (`rp_id`, `rp_rolesID`, `rp_permissionsID`) VALUES (2000000041, 2000000001, 2000000041);
INSERT INTO `gimg`.`roles_permission` (`rp_id`, `rp_rolesID`, `rp_permissionsID`) VALUES (2000000042, 2000000001, 2000000042);
INSERT INTO `gimg`.`roles_permission` (`rp_id`, `rp_rolesID`, `rp_permissionsID`) VALUES (2000000043, 2000000001, 2000000043);
INSERT INTO `gimg`.`roles_permission` (`rp_id`, `rp_rolesID`, `rp_permissionsID`) VALUES (2000000044, 2000000001, 2000000044);
INSERT INTO `gimg`.`roles_permission` (`rp_id`, `rp_rolesID`, `rp_permissionsID`) VALUES (2000000045, 2000000001, 2000000045);
INSERT INTO `gimg`.`roles_permission` (`rp_id`, `rp_rolesID`, `rp_permissionsID`) VALUES (2000000046, 2000000001, 2000000046);
INSERT INTO `gimg`.`roles_permission` (`rp_id`, `rp_rolesID`, `rp_permissionsID`) VALUES (2000000047, 2000000001, 2000000047);
INSERT INTO `gimg`.`roles_permission` (`rp_id`, `rp_rolesID`, `rp_permissionsID`) VALUES (2000000048, 2000000001, 2000000048);
INSERT INTO `gimg`.`roles_permission` (`rp_id`, `rp_rolesID`, `rp_permissionsID`) VALUES (2000000049, 2000000001, 2000000049);
INSERT INTO `gimg`.`roles_permission` (`rp_id`, `rp_rolesID`, `rp_permissionsID`) VALUES (2000000050, 2000000001, 2000000050);
INSERT INTO `gimg`.`roles_permission` (`rp_id`, `rp_rolesID`, `rp_permissionsID`) VALUES (2000000051, 2000000001, 2000000051);
INSERT INTO `gimg`.`roles_permission` (`rp_id`, `rp_rolesID`, `rp_permissionsID`) VALUES (2000000052, 2000000001, 2000000052);
INSERT INTO `gimg`.`roles_permission` (`rp_id`, `rp_rolesID`, `rp_permissionsID`) VALUES (2000000053, 2000000001, 2000000053);
INSERT INTO `gimg`.`roles_permission` (`rp_id`, `rp_rolesID`, `rp_permissionsID`) VALUES (2000000054, 2000000001, 2000000054);
INSERT INTO `gimg`.`roles_permission` (`rp_id`, `rp_rolesID`, `rp_permissionsID`) VALUES (2000000055, 2000000001, 2000000055);
INSERT INTO `gimg`.`roles_permission` (`rp_id`, `rp_rolesID`, `rp_permissionsID`) VALUES (2000000056, 2000000002, 2000000001);
INSERT INTO `gimg`.`roles_permission` (`rp_id`, `rp_rolesID`, `rp_permissionsID`) VALUES (2000000057, 2000000002, 2000000002);
INSERT INTO `gimg`.`roles_permission` (`rp_id`, `rp_rolesID`, `rp_permissionsID`) VALUES (2000000058, 2000000002, 2000000003);
INSERT INTO `gimg`.`roles_permission` (`rp_id`, `rp_rolesID`, `rp_permissionsID`) VALUES (2000000059, 2000000002, 2000000004);
INSERT INTO `gimg`.`roles_permission` (`rp_id`, `rp_rolesID`, `rp_permissionsID`) VALUES (2000000060, 2000000002, 2000000005);
INSERT INTO `gimg`.`roles_permission` (`rp_id`, `rp_rolesID`, `rp_permissionsID`) VALUES (2000000061, 2000000002, 2000000006);
INSERT INTO `gimg`.`roles_permission` (`rp_id`, `rp_rolesID`, `rp_permissionsID`) VALUES (2000000062, 2000000002, 2000000007);
INSERT INTO `gimg`.`roles_permission` (`rp_id`, `rp_rolesID`, `rp_permissionsID`) VALUES (2000000063, 2000000002, 2000000008);
INSERT INTO `gimg`.`roles_permission` (`rp_id`, `rp_rolesID`, `rp_permissionsID`) VALUES (2000000064, 2000000002, 2000000009);
INSERT INTO `gimg`.`roles_permission` (`rp_id`, `rp_rolesID`, `rp_permissionsID`) VALUES (2000000065, 2000000002, 2000000010);
INSERT INTO `gimg`.`roles_permission` (`rp_id`, `rp_rolesID`, `rp_permissionsID`) VALUES (2000000066, 2000000002, 2000000011);
INSERT INTO `gimg`.`roles_permission` (`rp_id`, `rp_rolesID`, `rp_permissionsID`) VALUES (2000000067, 2000000002, 2000000012);
INSERT INTO `gimg`.`roles_permission` (`rp_id`, `rp_rolesID`, `rp_permissionsID`) VALUES (2000000068, 2000000002, 2000000013);
INSERT INTO `gimg`.`roles_permission` (`rp_id`, `rp_rolesID`, `rp_permissionsID`) VALUES (2000000069, 2000000002, 2000000014);
INSERT INTO `gimg`.`roles_permission` (`rp_id`, `rp_rolesID`, `rp_permissionsID`) VALUES (2000000070, 2000000002, 2000000015);
INSERT INTO `gimg`.`roles_permission` (`rp_id`, `rp_rolesID`, `rp_permissionsID`) VALUES (2000000071, 2000000002, 2000000016);
INSERT INTO `gimg`.`roles_permission` (`rp_id`, `rp_rolesID`, `rp_permissionsID`) VALUES (2000000072, 2000000002, 2000000017);
INSERT INTO `gimg`.`roles_permission` (`rp_id`, `rp_rolesID`, `rp_permissionsID`) VALUES (2000000073, 2000000002, 2000000018);
INSERT INTO `gimg`.`roles_permission` (`rp_id`, `rp_rolesID`, `rp_permissionsID`) VALUES (2000000074, 2000000002, 2000000019);
INSERT INTO `gimg`.`roles_permission` (`rp_id`, `rp_rolesID`, `rp_permissionsID`) VALUES (2000000075, 2000000002, 2000000020);
INSERT INTO `gimg`.`roles_permission` (`rp_id`, `rp_rolesID`, `rp_permissionsID`) VALUES (2000000076, 2000000002, 2000000021);
INSERT INTO `gimg`.`roles_permission` (`rp_id`, `rp_rolesID`, `rp_permissionsID`) VALUES (2000000077, 2000000002, 2000000022);
INSERT INTO `gimg`.`roles_permission` (`rp_id`, `rp_rolesID`, `rp_permissionsID`) VALUES (2000000078, 2000000002, 2000000023);
INSERT INTO `gimg`.`roles_permission` (`rp_id`, `rp_rolesID`, `rp_permissionsID`) VALUES (2000000079, 2000000002, 2000000024);
INSERT INTO `gimg`.`roles_permission` (`rp_id`, `rp_rolesID`, `rp_permissionsID`) VALUES (2000000080, 2000000002, 2000000025);
INSERT INTO `gimg`.`roles_permission` (`rp_id`, `rp_rolesID`, `rp_permissionsID`) VALUES (2000000081, 2000000002, 2000000026);
INSERT INTO `gimg`.`roles_permission` (`rp_id`, `rp_rolesID`, `rp_permissionsID`) VALUES (2000000082, 2000000002, 2000000027);
INSERT INTO `gimg`.`roles_permission` (`rp_id`, `rp_rolesID`, `rp_permissionsID`) VALUES (2000000083, 2000000002, 2000000028);
INSERT INTO `gimg`.`roles_permission` (`rp_id`, `rp_rolesID`, `rp_permissionsID`) VALUES (2000000084, 2000000002, 2000000029);
INSERT INTO `gimg`.`roles_permission` (`rp_id`, `rp_rolesID`, `rp_permissionsID`) VALUES (2000000085, 2000000002, 2000000030);
INSERT INTO `gimg`.`roles_permission` (`rp_id`, `rp_rolesID`, `rp_permissionsID`) VALUES (2000000086, 2000000002, 2000000031);
INSERT INTO `gimg`.`roles_permission` (`rp_id`, `rp_rolesID`, `rp_permissionsID`) VALUES (2000000087, 2000000002, 2000000032);
INSERT INTO `gimg`.`roles_permission` (`rp_id`, `rp_rolesID`, `rp_permissionsID`) VALUES (2000000088, 2000000002, 2000000033);
INSERT INTO `gimg`.`roles_permission` (`rp_id`, `rp_rolesID`, `rp_permissionsID`) VALUES (2000000089, 2000000002, 2000000034);
INSERT INTO `gimg`.`roles_permission` (`rp_id`, `rp_rolesID`, `rp_permissionsID`) VALUES (2000000090, 2000000002, 2000000035);
INSERT INTO `gimg`.`roles_permission` (`rp_id`, `rp_rolesID`, `rp_permissionsID`) VALUES (2000000091, 2000000002, 2000000036);
INSERT INTO `gimg`.`roles_permission` (`rp_id`, `rp_rolesID`, `rp_permissionsID`) VALUES (2000000092, 2000000002, 2000000037);
INSERT INTO `gimg`.`roles_permission` (`rp_id`, `rp_rolesID`, `rp_permissionsID`) VALUES (2000000093, 2000000002, 2000000038);
INSERT INTO `gimg`.`roles_permission` (`rp_id`, `rp_rolesID`, `rp_permissionsID`) VALUES (2000000094, 2000000002, 2000000039);
INSERT INTO `gimg`.`roles_permission` (`rp_id`, `rp_rolesID`, `rp_permissionsID`) VALUES (2000000095, 2000000002, 2000000040);
INSERT INTO `gimg`.`roles_permission` (`rp_id`, `rp_rolesID`, `rp_permissionsID`) VALUES (2000000096, 2000000002, 2000000041);
INSERT INTO `gimg`.`roles_permission` (`rp_id`, `rp_rolesID`, `rp_permissionsID`) VALUES (2000000097, 2000000002, 2000000042);
INSERT INTO `gimg`.`roles_permission` (`rp_id`, `rp_rolesID`, `rp_permissionsID`) VALUES (2000000098, 2000000002, 2000000043);
INSERT INTO `gimg`.`roles_permission` (`rp_id`, `rp_rolesID`, `rp_permissionsID`) VALUES (2000000099, 2000000002, 2000000044);
INSERT INTO `gimg`.`roles_permission` (`rp_id`, `rp_rolesID`, `rp_permissionsID`) VALUES (2000000100, 2000000002, 2000000045);
INSERT INTO `gimg`.`roles_permission` (`rp_id`, `rp_rolesID`, `rp_permissionsID`) VALUES (2000000101, 2000000002, 2000000046);
INSERT INTO `gimg`.`roles_permission` (`rp_id`, `rp_rolesID`, `rp_permissionsID`) VALUES (2000000102, 2000000002, 2000000047);
INSERT INTO `gimg`.`roles_permission` (`rp_id`, `rp_rolesID`, `rp_permissionsID`) VALUES (2000000103, 2000000002, 2000000048);
INSERT INTO `gimg`.`roles_permission` (`rp_id`, `rp_rolesID`, `rp_permissionsID`) VALUES (2000000104, 2000000002, 2000000049);
INSERT INTO `gimg`.`roles_permission` (`rp_id`, `rp_rolesID`, `rp_permissionsID`) VALUES (2000000105, 2000000002, 2000000050);
INSERT INTO `gimg`.`roles_permission` (`rp_id`, `rp_rolesID`, `rp_permissionsID`) VALUES (2000000106, 2000000002, 2000000051);
INSERT INTO `gimg`.`roles_permission` (`rp_id`, `rp_rolesID`, `rp_permissionsID`) VALUES (2000000107, 2000000002, 2000000052);
INSERT INTO `gimg`.`roles_permission` (`rp_id`, `rp_rolesID`, `rp_permissionsID`) VALUES (2000000108, 2000000002, 2000000053);
INSERT INTO `gimg`.`roles_permission` (`rp_id`, `rp_rolesID`, `rp_permissionsID`) VALUES (2000000109, 2000000002, 2000000054);
INSERT INTO `gimg`.`roles_permission` (`rp_id`, `rp_rolesID`, `rp_permissionsID`) VALUES (2000000110, 2000000002, 2000000055);
INSERT INTO `gimg`.`roles_permission` (`rp_id`, `rp_rolesID`, `rp_permissionsID`) VALUES (2000000111, 2000000003, 2000000016);
INSERT INTO `gimg`.`roles_permission` (`rp_id`, `rp_rolesID`, `rp_permissionsID`) VALUES (2000000112, 2000000003, 2000000017);
INSERT INTO `gimg`.`roles_permission` (`rp_id`, `rp_rolesID`, `rp_permissionsID`) VALUES (2000000113, 2000000003, 2000000018);
INSERT INTO `gimg`.`roles_permission` (`rp_id`, `rp_rolesID`, `rp_permissionsID`) VALUES (2000000114, 2000000003, 2000000019);
INSERT INTO `gimg`.`roles_permission` (`rp_id`, `rp_rolesID`, `rp_permissionsID`) VALUES (2000000115, 2000000003, 2000000020);
INSERT INTO `gimg`.`roles_permission` (`rp_id`, `rp_rolesID`, `rp_permissionsID`) VALUES (2000000116, 2000000003, 2000000021);
INSERT INTO `gimg`.`roles_permission` (`rp_id`, `rp_rolesID`, `rp_permissionsID`) VALUES (2000000117, 2000000003, 2000000022);
INSERT INTO `gimg`.`roles_permission` (`rp_id`, `rp_rolesID`, `rp_permissionsID`) VALUES (2000000118, 2000000003, 2000000023);
INSERT INTO `gimg`.`roles_permission` (`rp_id`, `rp_rolesID`, `rp_permissionsID`) VALUES (2000000119, 2000000003, 2000000024);
INSERT INTO `gimg`.`roles_permission` (`rp_id`, `rp_rolesID`, `rp_permissionsID`) VALUES (2000000120, 2000000003, 2000000025);
INSERT INTO `gimg`.`roles_permission` (`rp_id`, `rp_rolesID`, `rp_permissionsID`) VALUES (2000000121, 2000000003, 2000000026);
INSERT INTO `gimg`.`roles_permission` (`rp_id`, `rp_rolesID`, `rp_permissionsID`) VALUES (2000000122, 2000000003, 2000000027);
INSERT INTO `gimg`.`roles_permission` (`rp_id`, `rp_rolesID`, `rp_permissionsID`) VALUES (2000000123, 2000000003, 2000000028);
INSERT INTO `gimg`.`roles_permission` (`rp_id`, `rp_rolesID`, `rp_permissionsID`) VALUES (2000000124, 2000000003, 2000000029);
INSERT INTO `gimg`.`roles_permission` (`rp_id`, `rp_rolesID`, `rp_permissionsID`) VALUES (2000000125, 2000000003, 2000000030);
INSERT INTO `gimg`.`roles_permission` (`rp_id`, `rp_rolesID`, `rp_permissionsID`) VALUES (2000000126, 2000000003, 2000000031);
INSERT INTO `gimg`.`roles_permission` (`rp_id`, `rp_rolesID`, `rp_permissionsID`) VALUES (2000000127, 2000000001, 2000000055);
INSERT INTO `gimg`.`roles_permission` (`rp_id`, `rp_rolesID`, `rp_permissionsID`) VALUES (2000000128, 2000000002, 2000000055);
INSERT INTO `gimg`.`roles_permission` (`rp_id`, `rp_rolesID`, `rp_permissionsID`) VALUES (2000000129, 2000000001, 2000000056);
INSERT INTO `gimg`.`roles_permission` (`rp_id`, `rp_rolesID`, `rp_permissionsID`) VALUES (2000000130, 2000000002, 2000000056);
INSERT INTO `gimg`.`roles_permission` (`rp_id`, `rp_rolesID`, `rp_permissionsID`) VALUES (2000000131, 2000000001, 2000000057);
INSERT INTO `gimg`.`roles_permission` (`rp_id`, `rp_rolesID`, `rp_permissionsID`) VALUES (2000000132, 2000000002, 2000000057);
INSERT INTO `gimg`.`roles_permission` (`rp_id`, `rp_rolesID`, `rp_permissionsID`) VALUES (2000000133, 2000000001, 2000000058);
INSERT INTO `gimg`.`roles_permission` (`rp_id`, `rp_rolesID`, `rp_permissionsID`) VALUES (2000000134, 2000000001, 2000000059);
INSERT INTO `gimg`.`roles_permission` (`rp_id`, `rp_rolesID`, `rp_permissionsID`) VALUES (2000000135, 2000000002, 2000000058);
INSERT INTO `gimg`.`roles_permission` (`rp_id`, `rp_rolesID`, `rp_permissionsID`) VALUES (2000000136, 2000000002, 2000000059);
INSERT INTO `gimg`.`roles_permission` (`rp_id`, `rp_rolesID`, `rp_permissionsID`) VALUES (2000000137, 2000000003, 2000000058);
INSERT INTO `gimg`.`roles_permission` (`rp_id`, `rp_rolesID`, `rp_permissionsID`) VALUES (2000000138, 2000000003, 2000000059);
INSERT INTO `gimg`.`roles_permission` (`rp_id`, `rp_rolesID`, `rp_permissionsID`) VALUES (2000000139, 2000000001, 2000000060);
INSERT INTO `gimg`.`roles_permission` (`rp_id`, `rp_rolesID`, `rp_permissionsID`) VALUES (2000000140, 2000000002, 2000000060);
INSERT INTO `gimg`.`roles_permission` (`rp_id`, `rp_rolesID`, `rp_permissionsID`) VALUES (2000000141, 2000000003, 2000000060);
INSERT INTO `gimg`.`roles_permission` (`rp_id`, `rp_rolesID`, `rp_permissionsID`) VALUES (2000000142, 2000000003, 2000000006);
INSERT INTO `gimg`.`roles_permission` (`rp_id`, `rp_rolesID`, `rp_permissionsID`) VALUES (2000000143, 2000000003, 2000000007);
INSERT INTO `gimg`.`roles_permission` (`rp_id`, `rp_rolesID`, `rp_permissionsID`) VALUES (2000000144, 2000000003, 2000000008);
INSERT INTO `gimg`.`roles_permission` (`rp_id`, `rp_rolesID`, `rp_permissionsID`) VALUES (2000000145, 2000000003, 2000000009);
INSERT INTO `gimg`.`roles_permission` (`rp_id`, `rp_rolesID`, `rp_permissionsID`) VALUES (2000000146, 2000000003, 2000000010);
INSERT INTO `gimg`.`roles_permission` (`rp_id`, `rp_rolesID`, `rp_permissionsID`) VALUES (2000000147, 2000000003, 2000000032);
INSERT INTO `gimg`.`roles_permission` (`rp_id`, `rp_rolesID`, `rp_permissionsID`) VALUES (2000000148, 2000000003, 2000000033);
INSERT INTO `gimg`.`roles_permission` (`rp_id`, `rp_rolesID`, `rp_permissionsID`) VALUES (2000000149, 2000000003, 2000000034);
INSERT INTO `gimg`.`roles_permission` (`rp_id`, `rp_rolesID`, `rp_permissionsID`) VALUES (2000000150, 2000000003, 2000000035);
INSERT INTO `gimg`.`roles_permission` (`rp_id`, `rp_rolesID`, `rp_permissionsID`) VALUES (2000000151, 2000000003, 2000000036);
INSERT INTO `gimg`.`roles_permission` (`rp_id`, `rp_rolesID`, `rp_permissionsID`) VALUES (2000000152, 2000000003, 2000000037);
INSERT INTO `gimg`.`roles_permission` (`rp_id`, `rp_rolesID`, `rp_permissionsID`) VALUES (2000000153, 2000000003, 2000000038);
INSERT INTO `gimg`.`roles_permission` (`rp_id`, `rp_rolesID`, `rp_permissionsID`) VALUES (2000000154, 2000000003, 2000000011);
INSERT INTO `gimg`.`roles_permission` (`rp_id`, `rp_rolesID`, `rp_permissionsID`) VALUES (2000000155, 2000000003, 2000000012);
INSERT INTO `gimg`.`roles_permission` (`rp_id`, `rp_rolesID`, `rp_permissionsID`) VALUES (2000000156, 2000000003, 2000000013);
INSERT INTO `gimg`.`roles_permission` (`rp_id`, `rp_rolesID`, `rp_permissionsID`) VALUES (2000000157, 2000000003, 2000000014);
INSERT INTO `gimg`.`roles_permission` (`rp_id`, `rp_rolesID`, `rp_permissionsID`) VALUES (2000000158, 2000000003, 2000000015);
INSERT INTO `gimg`.`roles_permission` (`rp_id`, `rp_rolesID`, `rp_permissionsID`) VALUES (2000000159, 2000000002, 2000000061);
INSERT INTO `gimg`.`roles_permission` (`rp_id`, `rp_rolesID`, `rp_permissionsID`) VALUES (2000000160, 2000000003, 2000000061);
INSERT INTO `gimg`.`roles_permission` (`rp_id`, `rp_rolesID`, `rp_permissionsID`) VALUES (2000000161, 2000000001, 2000000062);
INSERT INTO `gimg`.`roles_permission` (`rp_id`, `rp_rolesID`, `rp_permissionsID`) VALUES (2000000162, 2000000002, 2000000062);
INSERT INTO `gimg`.`roles_permission` (`rp_id`, `rp_rolesID`, `rp_permissionsID`) VALUES (2000000163, 2000000003, 2000000062);
INSERT INTO `gimg`.`roles_permission` (`rp_id`, `rp_rolesID`, `rp_permissionsID`) VALUES (2000000164, 2000000001, 2000000063);
INSERT INTO `gimg`.`roles_permission` (`rp_id`, `rp_rolesID`, `rp_permissionsID`) VALUES (2000000165, 2000000001, 2000000064);
INSERT INTO `gimg`.`roles_permission` (`rp_id`, `rp_rolesID`, `rp_permissionsID`) VALUES (2000000166, 2000000002, 2000000063);
INSERT INTO `gimg`.`roles_permission` (`rp_id`, `rp_rolesID`, `rp_permissionsID`) VALUES (2000000167, 2000000002, 2000000064);
INSERT INTO `gimg`.`roles_permission` (`rp_id`, `rp_rolesID`, `rp_permissionsID`) VALUES (2000000168, 2000000001, 2000000065);
INSERT INTO `gimg`.`roles_permission` (`rp_id`, `rp_rolesID`, `rp_permissionsID`) VALUES (2000000169, 2000000002, 2000000065);
INSERT INTO `gimg`.`roles_permission` (`rp_id`, `rp_rolesID`, `rp_permissionsID`) VALUES (2000000170, 2000000001, 2000000066);
INSERT INTO `gimg`.`roles_permission` (`rp_id`, `rp_rolesID`, `rp_permissionsID`) VALUES (2000000171, 2000000002, 2000000066);

COMMIT;


-- -----------------------------------------------------
-- Data for table `gimg`.`place_of_service`
-- -----------------------------------------------------
START TRANSACTION;
USE `gimg`;
INSERT INTO `gimg`.`place_of_service` (`pos_id`, `pos_code`, `pos_name`) VALUES (2000000001, 'POS11', 'Office');
INSERT INTO `gimg`.`place_of_service` (`pos_id`, `pos_code`, `pos_name`) VALUES (2000000002, 'POS12', 'Home');
INSERT INTO `gimg`.`place_of_service` (`pos_id`, `pos_code`, `pos_name`) VALUES (2000000003, 'POS13', 'Facility');
INSERT INTO `gimg`.`place_of_service` (`pos_id`, `pos_code`, `pos_name`) VALUES (2000000004, 'POS14', 'Board & Care');

COMMIT;


-- -----------------------------------------------------
-- Data for table `gimg`.`type_of_visits`
-- -----------------------------------------------------
START TRANSACTION;
USE `gimg`;
INSERT INTO `gimg`.`type_of_visits` (`tov_id`, `tov_name`) VALUES (2000000001, ' Initial Visit (Home)');
INSERT INTO `gimg`.`type_of_visits` (`tov_id`, `tov_name`) VALUES (2000000007, ' Initial Visit (Office)');
INSERT INTO `gimg`.`type_of_visits` (`tov_id`, `tov_name`) VALUES (2000000002, ' Initial Visit (Facility)');
INSERT INTO `gimg`.`type_of_visits` (`tov_id`, `tov_name`) VALUES (2000000003, ' Follow-up Visit (Home)');
INSERT INTO `gimg`.`type_of_visits` (`tov_id`, `tov_name`) VALUES (2000000004, ' Follow-up Visit (Facility)');
INSERT INTO `gimg`.`type_of_visits` (`tov_id`, `tov_name`) VALUES (2000000008, ' Follow-up Visit (Office)');
INSERT INTO `gimg`.`type_of_visits` (`tov_id`, `tov_name`) VALUES (2000000005, ' No Show');
INSERT INTO `gimg`.`type_of_visits` (`tov_id`, `tov_name`) VALUES (2000000006, ' Cancelled');

COMMIT;

